amortized_time_per_query,avg_query_time,buffer_size_max,buffer_size_min,database,dataset_size,gpu_memory_used_mb,gpu_utilization_percent,initialization_time,mode,note,num_queries,query,session_total_time,total_time
0.299394371509552,0.29782493829727175,,,duckdb,5m,,,0.15694332122802734,persistent_session,,100,k_hop_gpu,29.782493829727173,29.9394371509552
0.07220814704895019,0.05004525042996548,8 GB,4 GB,sirius,5m,1005.75,4,2.1662444114685058,persistent_session,Query timing estimated from total time,100,k_hop_gpu,5.054570293426513,7.2208147048950195
0.26985884189605713,0.2685847806930542,,,duckdb,5m,,,0.12740612030029297,persistent_session,,100,shortest_path_gpu,26.85847806930542,26.985884189605713
0.07172548770904541,0.049710734055774045,8 GB,4 GB,sirius,5m,969.8125,1,2.1517646312713623,persistent_session,Query timing estimated from total time,100,shortest_path_gpu,5.020784139633179,7.172548770904541
2.12682648897171,2.1231782412528992,,,duckdb,20m,,,0.3648247718811035,persistent_session,,100,k_hop_gpu,212.31782412528992,212.68264889717102
0.11174645662307739,0.07744803924371702,8 GB,6 GB,sirius,20m,1002.59375,2,3.3523936986923215,persistent_session,Query timing estimated from total time,100,k_hop_gpu,7.822251963615418,11.17464566230774
2.174526791572571,2.171246178150177,,,duckdb,20m,,,0.3280613422393799,persistent_session,,100,shortest_path_gpu,217.1246178150177,217.45267915725708
0.08763436317443847,0.060736687348620734,8 GB,6 GB,sirius,20m,1017.06640625,2,2.629030895233154,persistent_session,Query timing estimated from total time,100,shortest_path_gpu,6.134405422210694,8.763436317443848
